x:in,y:out
./input/0.bmp,./output/0.bmp
./input/1.bmp,./output/1.bmp
./input/2.bmp,./output/2.bmp
./input/3.bmp,./output/3.bmp
./input/4.bmp,./output/4.bmp
./input/5.bmp,./output/5.bmp
./input/6.bmp,./output/6.bmp
./input/7.bmp,./output/7.bmp
./input/8.bmp,./output/8.bmp
./input/9.bmp,./output/9.bmp
./input/10.bmp,./output/10.bmp
./input/11.bmp,./output/11.bmp
./input/12.bmp,./output/12.bmp
./input/13.bmp,./output/13.bmp
./input/14.bmp,./output/14.bmp
./input/15.bmp,./output/15.bmp
./input/16.bmp,./output/16.bmp
./input/17.bmp,./output/17.bmp
./input/18.bmp,./output/18.bmp
./input/19.bmp,./output/19.bmp
./input/20.bmp,./output/20.bmp
./input/21.bmp,./output/21.bmp
./input/22.bmp,./output/22.bmp
./input/23.bmp,./output/23.bmp
./input/24.bmp,./output/24.bmp
./input/25.bmp,./output/25.bmp
./input/26.bmp,./output/26.bmp
./input/27.bmp,./output/27.bmp
./input/28.bmp,./output/28.bmp
./input/29.bmp,./output/29.bmp
./input/30.bmp,./output/30.bmp
./input/31.bmp,./output/31.bmp
./input/32.bmp,./output/32.bmp
./input/33.bmp,./output/33.bmp
./input/34.bmp,./output/34.bmp
./input/35.bmp,./output/35.bmp
./input/36.bmp,./output/36.bmp
./input/37.bmp,./output/37.bmp
./input/38.bmp,./output/38.bmp
./input/39.bmp,./output/39.bmp
./input/40.bmp,./output/40.bmp
./input/41.bmp,./output/41.bmp
./input/42.bmp,./output/42.bmp
./input/43.bmp,./output/43.bmp
./input/44.bmp,./output/44.bmp
./input/45.bmp,./output/45.bmp
./input/46.bmp,./output/46.bmp
./input/47.bmp,./output/47.bmp
./input/48.bmp,./output/48.bmp
./input/49.bmp,./output/49.bmp
./input/50.bmp,./output/50.bmp
./input/51.bmp,./output/51.bmp
./input/52.bmp,./output/52.bmp
./input/53.bmp,./output/53.bmp
./input/54.bmp,./output/54.bmp
./input/55.bmp,./output/55.bmp
./input/56.bmp,./output/56.bmp
./input/57.bmp,./output/57.bmp
./input/58.bmp,./output/58.bmp
./input/59.bmp,./output/59.bmp
./input/60.bmp,./output/60.bmp
./input/61.bmp,./output/61.bmp
./input/62.bmp,./output/62.bmp
./input/63.bmp,./output/63.bmp
./input/64.bmp,./output/64.bmp
./input/65.bmp,./output/65.bmp
./input/66.bmp,./output/66.bmp
./input/67.bmp,./output/67.bmp
./input/68.bmp,./output/68.bmp
./input/69.bmp,./output/69.bmp
./input/70.bmp,./output/70.bmp
./input/71.bmp,./output/71.bmp
./input/72.bmp,./output/72.bmp
./input/73.bmp,./output/73.bmp
./input/74.bmp,./output/74.bmp
./input/75.bmp,./output/75.bmp
./input/76.bmp,./output/76.bmp
./input/77.bmp,./output/77.bmp
./input/78.bmp,./output/78.bmp
./input/79.bmp,./output/79.bmp
./input/80.bmp,./output/80.bmp
./input/81.bmp,./output/81.bmp
./input/82.bmp,./output/82.bmp
./input/83.bmp,./output/83.bmp
./input/84.bmp,./output/84.bmp
./input/85.bmp,./output/85.bmp
./input/86.bmp,./output/86.bmp
./input/87.bmp,./output/87.bmp
./input/88.bmp,./output/88.bmp
./input/89.bmp,./output/89.bmp
./input/90.bmp,./output/90.bmp
./input/91.bmp,./output/91.bmp
./input/92.bmp,./output/92.bmp
./input/93.bmp,./output/93.bmp
./input/94.bmp,./output/94.bmp
./input/95.bmp,./output/95.bmp
./input/96.bmp,./output/96.bmp
./input/97.bmp,./output/97.bmp
./input/98.bmp,./output/98.bmp
./input/99.bmp,./output/99.bmp
./input/100.bmp,./output/100.bmp
./input/101.bmp,./output/101.bmp
./input/102.bmp,./output/102.bmp
./input/103.bmp,./output/103.bmp
./input/104.bmp,./output/104.bmp
./input/105.bmp,./output/105.bmp
./input/106.bmp,./output/106.bmp
./input/107.bmp,./output/107.bmp
./input/108.bmp,./output/108.bmp
./input/109.bmp,./output/109.bmp
./input/110.bmp,./output/110.bmp
./input/111.bmp,./output/111.bmp
./input/112.bmp,./output/112.bmp
./input/113.bmp,./output/113.bmp
./input/114.bmp,./output/114.bmp
./input/115.bmp,./output/115.bmp
./input/116.bmp,./output/116.bmp
./input/117.bmp,./output/117.bmp
./input/118.bmp,./output/118.bmp
./input/119.bmp,./output/119.bmp
./input/120.bmp,./output/120.bmp
./input/121.bmp,./output/121.bmp
./input/122.bmp,./output/122.bmp
./input/123.bmp,./output/123.bmp
./input/124.bmp,./output/124.bmp
./input/125.bmp,./output/125.bmp
./input/126.bmp,./output/126.bmp
./input/127.bmp,./output/127.bmp
./input/128.bmp,./output/128.bmp
./input/129.bmp,./output/129.bmp
./input/130.bmp,./output/130.bmp
./input/131.bmp,./output/131.bmp
./input/132.bmp,./output/132.bmp
./input/133.bmp,./output/133.bmp
./input/134.bmp,./output/134.bmp
./input/135.bmp,./output/135.bmp
./input/136.bmp,./output/136.bmp
./input/137.bmp,./output/137.bmp
./input/138.bmp,./output/138.bmp
./input/139.bmp,./output/139.bmp
./input/140.bmp,./output/140.bmp
./input/141.bmp,./output/141.bmp
./input/142.bmp,./output/142.bmp
./input/143.bmp,./output/143.bmp
./input/144.bmp,./output/144.bmp
./input/145.bmp,./output/145.bmp
./input/146.bmp,./output/146.bmp
./input/147.bmp,./output/147.bmp
./input/148.bmp,./output/148.bmp
./input/149.bmp,./output/149.bmp
./input/150.bmp,./output/150.bmp
./input/151.bmp,./output/151.bmp
./input/152.bmp,./output/152.bmp
./input/153.bmp,./output/153.bmp
./input/154.bmp,./output/154.bmp
./input/155.bmp,./output/155.bmp
./input/156.bmp,./output/156.bmp
./input/157.bmp,./output/157.bmp
./input/158.bmp,./output/158.bmp
./input/159.bmp,./output/159.bmp
./input/160.bmp,./output/160.bmp
./input/161.bmp,./output/161.bmp
./input/162.bmp,./output/162.bmp
./input/163.bmp,./output/163.bmp
./input/164.bmp,./output/164.bmp
./input/165.bmp,./output/165.bmp
./input/166.bmp,./output/166.bmp
./input/167.bmp,./output/167.bmp
./input/168.bmp,./output/168.bmp
./input/169.bmp,./output/169.bmp
./input/170.bmp,./output/170.bmp
./input/171.bmp,./output/171.bmp
./input/172.bmp,./output/172.bmp
./input/173.bmp,./output/173.bmp
./input/174.bmp,./output/174.bmp
./input/175.bmp,./output/175.bmp
./input/176.bmp,./output/176.bmp
./input/177.bmp,./output/177.bmp
./input/178.bmp,./output/178.bmp
./input/179.bmp,./output/179.bmp
./input/180.bmp,./output/180.bmp
./input/181.bmp,./output/181.bmp
./input/182.bmp,./output/182.bmp
./input/183.bmp,./output/183.bmp
./input/184.bmp,./output/184.bmp
./input/185.bmp,./output/185.bmp
./input/186.bmp,./output/186.bmp
./input/187.bmp,./output/187.bmp
./input/188.bmp,./output/188.bmp
./input/189.bmp,./output/189.bmp
./input/190.bmp,./output/190.bmp
./input/191.bmp,./output/191.bmp
./input/192.bmp,./output/192.bmp
./input/193.bmp,./output/193.bmp
./input/194.bmp,./output/194.bmp
./input/195.bmp,./output/195.bmp
./input/196.bmp,./output/196.bmp
./input/197.bmp,./output/197.bmp
./input/198.bmp,./output/198.bmp
./input/199.bmp,./output/199.bmp
./input/200.bmp,./output/200.bmp
./input/201.bmp,./output/201.bmp
./input/202.bmp,./output/202.bmp
./input/203.bmp,./output/203.bmp
./input/204.bmp,./output/204.bmp
./input/205.bmp,./output/205.bmp
./input/206.bmp,./output/206.bmp
./input/207.bmp,./output/207.bmp
./input/208.bmp,./output/208.bmp
./input/209.bmp,./output/209.bmp
./input/210.bmp,./output/210.bmp
./input/211.bmp,./output/211.bmp
./input/212.bmp,./output/212.bmp
./input/213.bmp,./output/213.bmp
./input/214.bmp,./output/214.bmp
./input/215.bmp,./output/215.bmp
./input/216.bmp,./output/216.bmp
./input/217.bmp,./output/217.bmp
./input/218.bmp,./output/218.bmp
./input/219.bmp,./output/219.bmp
./input/220.bmp,./output/220.bmp
./input/221.bmp,./output/221.bmp
./input/222.bmp,./output/222.bmp
./input/223.bmp,./output/223.bmp
./input/224.bmp,./output/224.bmp
./input/225.bmp,./output/225.bmp
./input/226.bmp,./output/226.bmp
./input/227.bmp,./output/227.bmp
./input/228.bmp,./output/228.bmp
./input/229.bmp,./output/229.bmp
./input/230.bmp,./output/230.bmp
./input/231.bmp,./output/231.bmp
./input/232.bmp,./output/232.bmp
./input/233.bmp,./output/233.bmp
./input/234.bmp,./output/234.bmp
./input/235.bmp,./output/235.bmp
./input/236.bmp,./output/236.bmp
./input/237.bmp,./output/237.bmp
./input/238.bmp,./output/238.bmp
./input/239.bmp,./output/239.bmp
./input/240.bmp,./output/240.bmp
./input/241.bmp,./output/241.bmp
./input/242.bmp,./output/242.bmp
./input/243.bmp,./output/243.bmp
./input/244.bmp,./output/244.bmp
./input/245.bmp,./output/245.bmp
./input/246.bmp,./output/246.bmp
./input/247.bmp,./output/247.bmp
./input/248.bmp,./output/248.bmp
./input/249.bmp,./output/249.bmp
./input/250.bmp,./output/250.bmp
./input/251.bmp,./output/251.bmp
./input/252.bmp,./output/252.bmp
./input/253.bmp,./output/253.bmp
./input/254.bmp,./output/254.bmp
./input/255.bmp,./output/255.bmp
./input/256.bmp,./output/256.bmp
./input/257.bmp,./output/257.bmp
./input/258.bmp,./output/258.bmp
./input/259.bmp,./output/259.bmp
./input/260.bmp,./output/260.bmp
./input/261.bmp,./output/261.bmp
./input/262.bmp,./output/262.bmp
./input/263.bmp,./output/263.bmp
./input/264.bmp,./output/264.bmp
./input/265.bmp,./output/265.bmp
./input/266.bmp,./output/266.bmp
./input/267.bmp,./output/267.bmp
./input/268.bmp,./output/268.bmp
./input/269.bmp,./output/269.bmp
./input/270.bmp,./output/270.bmp
./input/271.bmp,./output/271.bmp
./input/272.bmp,./output/272.bmp
./input/273.bmp,./output/273.bmp
./input/274.bmp,./output/274.bmp
./input/275.bmp,./output/275.bmp
./input/276.bmp,./output/276.bmp
./input/277.bmp,./output/277.bmp
./input/278.bmp,./output/278.bmp
./input/279.bmp,./output/279.bmp
./input/280.bmp,./output/280.bmp
./input/281.bmp,./output/281.bmp
./input/282.bmp,./output/282.bmp
./input/283.bmp,./output/283.bmp
./input/284.bmp,./output/284.bmp
./input/285.bmp,./output/285.bmp
./input/286.bmp,./output/286.bmp
./input/287.bmp,./output/287.bmp
./input/288.bmp,./output/288.bmp
./input/289.bmp,./output/289.bmp
./input/290.bmp,./output/290.bmp
./input/291.bmp,./output/291.bmp
./input/292.bmp,./output/292.bmp
./input/293.bmp,./output/293.bmp
./input/294.bmp,./output/294.bmp
./input/295.bmp,./output/295.bmp
./input/296.bmp,./output/296.bmp
./input/297.bmp,./output/297.bmp
./input/298.bmp,./output/298.bmp
./input/299.bmp,./output/299.bmp
./input/300.bmp,./output/300.bmp
./input/301.bmp,./output/301.bmp
./input/302.bmp,./output/302.bmp
./input/303.bmp,./output/303.bmp
./input/304.bmp,./output/304.bmp
./input/305.bmp,./output/305.bmp
./input/306.bmp,./output/306.bmp
./input/307.bmp,./output/307.bmp
./input/308.bmp,./output/308.bmp
./input/309.bmp,./output/309.bmp
./input/310.bmp,./output/310.bmp
./input/311.bmp,./output/311.bmp
./input/312.bmp,./output/312.bmp
./input/313.bmp,./output/313.bmp
./input/314.bmp,./output/314.bmp
./input/315.bmp,./output/315.bmp
./input/316.bmp,./output/316.bmp
./input/317.bmp,./output/317.bmp
./input/318.bmp,./output/318.bmp
./input/319.bmp,./output/319.bmp
./input/320.bmp,./output/320.bmp
./input/321.bmp,./output/321.bmp
./input/322.bmp,./output/322.bmp
./input/323.bmp,./output/323.bmp
./input/324.bmp,./output/324.bmp
./input/325.bmp,./output/325.bmp
./input/326.bmp,./output/326.bmp
./input/327.bmp,./output/327.bmp
./input/328.bmp,./output/328.bmp
./input/329.bmp,./output/329.bmp
./input/330.bmp,./output/330.bmp
./input/331.bmp,./output/331.bmp
./input/332.bmp,./output/332.bmp
./input/333.bmp,./output/333.bmp
./input/334.bmp,./output/334.bmp
./input/335.bmp,./output/335.bmp
./input/336.bmp,./output/336.bmp
./input/337.bmp,./output/337.bmp
./input/338.bmp,./output/338.bmp
./input/339.bmp,./output/339.bmp
./input/340.bmp,./output/340.bmp
./input/341.bmp,./output/341.bmp
./input/342.bmp,./output/342.bmp
./input/343.bmp,./output/343.bmp
./input/344.bmp,./output/344.bmp
./input/345.bmp,./output/345.bmp
./input/346.bmp,./output/346.bmp
./input/347.bmp,./output/347.bmp
./input/348.bmp,./output/348.bmp
./input/349.bmp,./output/349.bmp
./input/350.bmp,./output/350.bmp
./input/351.bmp,./output/351.bmp
./input/352.bmp,./output/352.bmp
./input/353.bmp,./output/353.bmp
./input/354.bmp,./output/354.bmp
./input/355.bmp,./output/355.bmp
./input/356.bmp,./output/356.bmp
./input/357.bmp,./output/357.bmp
./input/358.bmp,./output/358.bmp
./input/359.bmp,./output/359.bmp
./input/360.bmp,./output/360.bmp
./input/361.bmp,./output/361.bmp
./input/362.bmp,./output/362.bmp
./input/363.bmp,./output/363.bmp
./input/364.bmp,./output/364.bmp
./input/365.bmp,./output/365.bmp
./input/366.bmp,./output/366.bmp
./input/367.bmp,./output/367.bmp
./input/368.bmp,./output/368.bmp
./input/369.bmp,./output/369.bmp
./input/370.bmp,./output/370.bmp
./input/371.bmp,./output/371.bmp
./input/372.bmp,./output/372.bmp
./input/373.bmp,./output/373.bmp
./input/374.bmp,./output/374.bmp
./input/375.bmp,./output/375.bmp
./input/376.bmp,./output/376.bmp
./input/377.bmp,./output/377.bmp
./input/378.bmp,./output/378.bmp
./input/379.bmp,./output/379.bmp
./input/380.bmp,./output/380.bmp
./input/381.bmp,./output/381.bmp
./input/382.bmp,./output/382.bmp
./input/383.bmp,./output/383.bmp
./input/384.bmp,./output/384.bmp
./input/385.bmp,./output/385.bmp
./input/386.bmp,./output/386.bmp
./input/387.bmp,./output/387.bmp
./input/388.bmp,./output/388.bmp
./input/389.bmp,./output/389.bmp
./input/390.bmp,./output/390.bmp
./input/391.bmp,./output/391.bmp
./input/392.bmp,./output/392.bmp
./input/393.bmp,./output/393.bmp
./input/394.bmp,./output/394.bmp
./input/395.bmp,./output/395.bmp
./input/396.bmp,./output/396.bmp
./input/397.bmp,./output/397.bmp
./input/398.bmp,./output/398.bmp
./input/399.bmp,./output/399.bmp
./input/400.bmp,./output/400.bmp
./input/401.bmp,./output/401.bmp
./input/402.bmp,./output/402.bmp
./input/403.bmp,./output/403.bmp
./input/404.bmp,./output/404.bmp
./input/405.bmp,./output/405.bmp
./input/406.bmp,./output/406.bmp
./input/407.bmp,./output/407.bmp
./input/408.bmp,./output/408.bmp
./input/409.bmp,./output/409.bmp
./input/410.bmp,./output/410.bmp
./input/411.bmp,./output/411.bmp
./input/412.bmp,./output/412.bmp
./input/413.bmp,./output/413.bmp
./input/414.bmp,./output/414.bmp
./input/415.bmp,./output/415.bmp
./input/416.bmp,./output/416.bmp
./input/417.bmp,./output/417.bmp
./input/418.bmp,./output/418.bmp
./input/419.bmp,./output/419.bmp
./input/420.bmp,./output/420.bmp
./input/421.bmp,./output/421.bmp
./input/422.bmp,./output/422.bmp
./input/423.bmp,./output/423.bmp
./input/424.bmp,./output/424.bmp
./input/425.bmp,./output/425.bmp
./input/426.bmp,./output/426.bmp
./input/427.bmp,./output/427.bmp
./input/428.bmp,./output/428.bmp
./input/429.bmp,./output/429.bmp
./input/430.bmp,./output/430.bmp
./input/431.bmp,./output/431.bmp
./input/432.bmp,./output/432.bmp
./input/433.bmp,./output/433.bmp
./input/434.bmp,./output/434.bmp
./input/435.bmp,./output/435.bmp
./input/436.bmp,./output/436.bmp
./input/437.bmp,./output/437.bmp
./input/438.bmp,./output/438.bmp
./input/439.bmp,./output/439.bmp
./input/440.bmp,./output/440.bmp
./input/441.bmp,./output/441.bmp
./input/442.bmp,./output/442.bmp
./input/443.bmp,./output/443.bmp
./input/444.bmp,./output/444.bmp
./input/445.bmp,./output/445.bmp
./input/446.bmp,./output/446.bmp
./input/447.bmp,./output/447.bmp
./input/448.bmp,./output/448.bmp
./input/449.bmp,./output/449.bmp
./input/450.bmp,./output/450.bmp
./input/451.bmp,./output/451.bmp
./input/452.bmp,./output/452.bmp
./input/453.bmp,./output/453.bmp
./input/454.bmp,./output/454.bmp
./input/455.bmp,./output/455.bmp
./input/456.bmp,./output/456.bmp
./input/457.bmp,./output/457.bmp
./input/458.bmp,./output/458.bmp
./input/459.bmp,./output/459.bmp
./input/460.bmp,./output/460.bmp
./input/461.bmp,./output/461.bmp
./input/462.bmp,./output/462.bmp
./input/463.bmp,./output/463.bmp
./input/464.bmp,./output/464.bmp
./input/465.bmp,./output/465.bmp
./input/466.bmp,./output/466.bmp
./input/467.bmp,./output/467.bmp
./input/468.bmp,./output/468.bmp
./input/469.bmp,./output/469.bmp
./input/470.bmp,./output/470.bmp
./input/471.bmp,./output/471.bmp
./input/472.bmp,./output/472.bmp
./input/473.bmp,./output/473.bmp
./input/474.bmp,./output/474.bmp
./input/475.bmp,./output/475.bmp
./input/476.bmp,./output/476.bmp
./input/477.bmp,./output/477.bmp
./input/478.bmp,./output/478.bmp
./input/479.bmp,./output/479.bmp
./input/480.bmp,./output/480.bmp
./input/481.bmp,./output/481.bmp
./input/482.bmp,./output/482.bmp
./input/483.bmp,./output/483.bmp
./input/484.bmp,./output/484.bmp
./input/485.bmp,./output/485.bmp
./input/486.bmp,./output/486.bmp
./input/487.bmp,./output/487.bmp
./input/488.bmp,./output/488.bmp
./input/489.bmp,./output/489.bmp
./input/490.bmp,./output/490.bmp
./input/491.bmp,./output/491.bmp
./input/492.bmp,./output/492.bmp
./input/493.bmp,./output/493.bmp
./input/494.bmp,./output/494.bmp
./input/495.bmp,./output/495.bmp
./input/496.bmp,./output/496.bmp
./input/497.bmp,./output/497.bmp
./input/498.bmp,./output/498.bmp
./input/499.bmp,./output/499.bmp
./input/500.bmp,./output/500.bmp
./input/501.bmp,./output/501.bmp
./input/502.bmp,./output/502.bmp
./input/503.bmp,./output/503.bmp
./input/504.bmp,./output/504.bmp
./input/505.bmp,./output/505.bmp
./input/506.bmp,./output/506.bmp
./input/507.bmp,./output/507.bmp
./input/508.bmp,./output/508.bmp
./input/509.bmp,./output/509.bmp
./input/510.bmp,./output/510.bmp
./input/511.bmp,./output/511.bmp
./input/512.bmp,./output/512.bmp
./input/513.bmp,./output/513.bmp
./input/514.bmp,./output/514.bmp
./input/515.bmp,./output/515.bmp
./input/516.bmp,./output/516.bmp
./input/517.bmp,./output/517.bmp
./input/518.bmp,./output/518.bmp
./input/519.bmp,./output/519.bmp
./input/520.bmp,./output/520.bmp
./input/521.bmp,./output/521.bmp
./input/522.bmp,./output/522.bmp
./input/523.bmp,./output/523.bmp
./input/524.bmp,./output/524.bmp
./input/525.bmp,./output/525.bmp
./input/526.bmp,./output/526.bmp
./input/527.bmp,./output/527.bmp
./input/528.bmp,./output/528.bmp
./input/529.bmp,./output/529.bmp
./input/530.bmp,./output/530.bmp
./input/531.bmp,./output/531.bmp
./input/532.bmp,./output/532.bmp
./input/533.bmp,./output/533.bmp
./input/534.bmp,./output/534.bmp
./input/535.bmp,./output/535.bmp
./input/536.bmp,./output/536.bmp
./input/537.bmp,./output/537.bmp
./input/538.bmp,./output/538.bmp
./input/539.bmp,./output/539.bmp
./input/540.bmp,./output/540.bmp
./input/541.bmp,./output/541.bmp
./input/542.bmp,./output/542.bmp
./input/543.bmp,./output/543.bmp
./input/544.bmp,./output/544.bmp
./input/545.bmp,./output/545.bmp
./input/546.bmp,./output/546.bmp
./input/547.bmp,./output/547.bmp
./input/548.bmp,./output/548.bmp
./input/549.bmp,./output/549.bmp
./input/550.bmp,./output/550.bmp
./input/551.bmp,./output/551.bmp
./input/552.bmp,./output/552.bmp
./input/553.bmp,./output/553.bmp
./input/554.bmp,./output/554.bmp
./input/555.bmp,./output/555.bmp
./input/556.bmp,./output/556.bmp
./input/557.bmp,./output/557.bmp
./input/558.bmp,./output/558.bmp
./input/559.bmp,./output/559.bmp
./input/560.bmp,./output/560.bmp
./input/561.bmp,./output/561.bmp
./input/562.bmp,./output/562.bmp
./input/563.bmp,./output/563.bmp
./input/564.bmp,./output/564.bmp
./input/565.bmp,./output/565.bmp
./input/566.bmp,./output/566.bmp
./input/567.bmp,./output/567.bmp
./input/568.bmp,./output/568.bmp
./input/569.bmp,./output/569.bmp
./input/570.bmp,./output/570.bmp
./input/571.bmp,./output/571.bmp
./input/572.bmp,./output/572.bmp
./input/573.bmp,./output/573.bmp
./input/574.bmp,./output/574.bmp
./input/575.bmp,./output/575.bmp
./input/576.bmp,./output/576.bmp
./input/577.bmp,./output/577.bmp
./input/578.bmp,./output/578.bmp
./input/579.bmp,./output/579.bmp
./input/580.bmp,./output/580.bmp
./input/581.bmp,./output/581.bmp
./input/582.bmp,./output/582.bmp
./input/583.bmp,./output/583.bmp
./input/584.bmp,./output/584.bmp
./input/585.bmp,./output/585.bmp
./input/586.bmp,./output/586.bmp
./input/587.bmp,./output/587.bmp
./input/588.bmp,./output/588.bmp
./input/589.bmp,./output/589.bmp
./input/590.bmp,./output/590.bmp
./input/591.bmp,./output/591.bmp
./input/592.bmp,./output/592.bmp
./input/593.bmp,./output/593.bmp
./input/594.bmp,./output/594.bmp
./input/595.bmp,./output/595.bmp
./input/596.bmp,./output/596.bmp
./input/597.bmp,./output/597.bmp
./input/598.bmp,./output/598.bmp
./input/599.bmp,./output/599.bmp
./input/600.bmp,./output/600.bmp
./input/601.bmp,./output/601.bmp
./input/602.bmp,./output/602.bmp
./input/603.bmp,./output/603.bmp
./input/604.bmp,./output/604.bmp
./input/605.bmp,./output/605.bmp
./input/606.bmp,./output/606.bmp
./input/607.bmp,./output/607.bmp
./input/608.bmp,./output/608.bmp
./input/609.bmp,./output/609.bmp
./input/610.bmp,./output/610.bmp
./input/611.bmp,./output/611.bmp
./input/612.bmp,./output/612.bmp
./input/613.bmp,./output/613.bmp
./input/614.bmp,./output/614.bmp
./input/615.bmp,./output/615.bmp
./input/616.bmp,./output/616.bmp
./input/617.bmp,./output/617.bmp
./input/618.bmp,./output/618.bmp
./input/619.bmp,./output/619.bmp
./input/620.bmp,./output/620.bmp
./input/621.bmp,./output/621.bmp
./input/622.bmp,./output/622.bmp
./input/623.bmp,./output/623.bmp
./input/624.bmp,./output/624.bmp
./input/625.bmp,./output/625.bmp
./input/626.bmp,./output/626.bmp
./input/627.bmp,./output/627.bmp
./input/628.bmp,./output/628.bmp
./input/629.bmp,./output/629.bmp
./input/630.bmp,./output/630.bmp
./input/631.bmp,./output/631.bmp
./input/632.bmp,./output/632.bmp
./input/633.bmp,./output/633.bmp
./input/634.bmp,./output/634.bmp
./input/635.bmp,./output/635.bmp
./input/636.bmp,./output/636.bmp
./input/637.bmp,./output/637.bmp
./input/638.bmp,./output/638.bmp
./input/639.bmp,./output/639.bmp
./input/640.bmp,./output/640.bmp
./input/641.bmp,./output/641.bmp
./input/642.bmp,./output/642.bmp
./input/643.bmp,./output/643.bmp
./input/644.bmp,./output/644.bmp
./input/645.bmp,./output/645.bmp
./input/646.bmp,./output/646.bmp
./input/647.bmp,./output/647.bmp
./input/648.bmp,./output/648.bmp
./input/649.bmp,./output/649.bmp
./input/650.bmp,./output/650.bmp
./input/651.bmp,./output/651.bmp
./input/652.bmp,./output/652.bmp
./input/653.bmp,./output/653.bmp
./input/654.bmp,./output/654.bmp
./input/655.bmp,./output/655.bmp
./input/656.bmp,./output/656.bmp
./input/657.bmp,./output/657.bmp
./input/658.bmp,./output/658.bmp
./input/659.bmp,./output/659.bmp
./input/660.bmp,./output/660.bmp
./input/661.bmp,./output/661.bmp
./input/662.bmp,./output/662.bmp
./input/663.bmp,./output/663.bmp
./input/664.bmp,./output/664.bmp
./input/665.bmp,./output/665.bmp
./input/666.bmp,./output/666.bmp
./input/667.bmp,./output/667.bmp
./input/668.bmp,./output/668.bmp
./input/669.bmp,./output/669.bmp
./input/670.bmp,./output/670.bmp
./input/671.bmp,./output/671.bmp
./input/672.bmp,./output/672.bmp
./input/673.bmp,./output/673.bmp
./input/674.bmp,./output/674.bmp
./input/675.bmp,./output/675.bmp
./input/676.bmp,./output/676.bmp
./input/677.bmp,./output/677.bmp
./input/678.bmp,./output/678.bmp
./input/679.bmp,./output/679.bmp
./input/680.bmp,./output/680.bmp
./input/681.bmp,./output/681.bmp
./input/682.bmp,./output/682.bmp
./input/683.bmp,./output/683.bmp
./input/684.bmp,./output/684.bmp
./input/685.bmp,./output/685.bmp
./input/686.bmp,./output/686.bmp
./input/687.bmp,./output/687.bmp
./input/688.bmp,./output/688.bmp
./input/689.bmp,./output/689.bmp
./input/690.bmp,./output/690.bmp
./input/691.bmp,./output/691.bmp
./input/692.bmp,./output/692.bmp
./input/693.bmp,./output/693.bmp
./input/694.bmp,./output/694.bmp
./input/695.bmp,./output/695.bmp
./input/696.bmp,./output/696.bmp
./input/697.bmp,./output/697.bmp
./input/698.bmp,./output/698.bmp
./input/699.bmp,./output/699.bmp
./input/700.bmp,./output/700.bmp
./input/701.bmp,./output/701.bmp
./input/702.bmp,./output/702.bmp
./input/703.bmp,./output/703.bmp
./input/704.bmp,./output/704.bmp
./input/705.bmp,./output/705.bmp
./input/706.bmp,./output/706.bmp
./input/707.bmp,./output/707.bmp
./input/708.bmp,./output/708.bmp
./input/709.bmp,./output/709.bmp
./input/710.bmp,./output/710.bmp
./input/711.bmp,./output/711.bmp
./input/712.bmp,./output/712.bmp
./input/713.bmp,./output/713.bmp
./input/714.bmp,./output/714.bmp
./input/715.bmp,./output/715.bmp
./input/716.bmp,./output/716.bmp
./input/717.bmp,./output/717.bmp
./input/718.bmp,./output/718.bmp
./input/719.bmp,./output/719.bmp
./input/720.bmp,./output/720.bmp
./input/721.bmp,./output/721.bmp
./input/722.bmp,./output/722.bmp
./input/723.bmp,./output/723.bmp
./input/724.bmp,./output/724.bmp
./input/725.bmp,./output/725.bmp
./input/726.bmp,./output/726.bmp
./input/727.bmp,./output/727.bmp
./input/728.bmp,./output/728.bmp
./input/729.bmp,./output/729.bmp
./input/730.bmp,./output/730.bmp
./input/731.bmp,./output/731.bmp
./input/732.bmp,./output/732.bmp
./input/733.bmp,./output/733.bmp
./input/734.bmp,./output/734.bmp
./input/735.bmp,./output/735.bmp
./input/736.bmp,./output/736.bmp
./input/737.bmp,./output/737.bmp
./input/738.bmp,./output/738.bmp
./input/739.bmp,./output/739.bmp
./input/740.bmp,./output/740.bmp
./input/741.bmp,./output/741.bmp
./input/742.bmp,./output/742.bmp
./input/743.bmp,./output/743.bmp
./input/744.bmp,./output/744.bmp
./input/745.bmp,./output/745.bmp
./input/746.bmp,./output/746.bmp
./input/747.bmp,./output/747.bmp
./input/748.bmp,./output/748.bmp
./input/749.bmp,./output/749.bmp
./input/750.bmp,./output/750.bmp
./input/751.bmp,./output/751.bmp
./input/752.bmp,./output/752.bmp
./input/753.bmp,./output/753.bmp
./input/754.bmp,./output/754.bmp
./input/755.bmp,./output/755.bmp
./input/756.bmp,./output/756.bmp
./input/757.bmp,./output/757.bmp
./input/758.bmp,./output/758.bmp
./input/759.bmp,./output/759.bmp
./input/760.bmp,./output/760.bmp
./input/761.bmp,./output/761.bmp
./input/762.bmp,./output/762.bmp
./input/763.bmp,./output/763.bmp
./input/764.bmp,./output/764.bmp
./input/765.bmp,./output/765.bmp
./input/766.bmp,./output/766.bmp
./input/767.bmp,./output/767.bmp
./input/768.bmp,./output/768.bmp
./input/769.bmp,./output/769.bmp
./input/770.bmp,./output/770.bmp
./input/771.bmp,./output/771.bmp
./input/772.bmp,./output/772.bmp
./input/773.bmp,./output/773.bmp
./input/774.bmp,./output/774.bmp
./input/775.bmp,./output/775.bmp
./input/776.bmp,./output/776.bmp
./input/777.bmp,./output/777.bmp
./input/778.bmp,./output/778.bmp
./input/779.bmp,./output/779.bmp
./input/780.bmp,./output/780.bmp
./input/781.bmp,./output/781.bmp
./input/782.bmp,./output/782.bmp
./input/783.bmp,./output/783.bmp
./input/784.bmp,./output/784.bmp
./input/785.bmp,./output/785.bmp
./input/786.bmp,./output/786.bmp
./input/787.bmp,./output/787.bmp
./input/788.bmp,./output/788.bmp
./input/789.bmp,./output/789.bmp
./input/790.bmp,./output/790.bmp
./input/791.bmp,./output/791.bmp
./input/792.bmp,./output/792.bmp
./input/793.bmp,./output/793.bmp
./input/794.bmp,./output/794.bmp
./input/795.bmp,./output/795.bmp
./input/796.bmp,./output/796.bmp
./input/797.bmp,./output/797.bmp
./input/798.bmp,./output/798.bmp
./input/799.bmp,./output/799.bmp
./input/800.bmp,./output/800.bmp
./input/801.bmp,./output/801.bmp
./input/802.bmp,./output/802.bmp
./input/803.bmp,./output/803.bmp
./input/804.bmp,./output/804.bmp
./input/805.bmp,./output/805.bmp
./input/806.bmp,./output/806.bmp
./input/807.bmp,./output/807.bmp
./input/808.bmp,./output/808.bmp
./input/809.bmp,./output/809.bmp
./input/810.bmp,./output/810.bmp
./input/811.bmp,./output/811.bmp
./input/812.bmp,./output/812.bmp
./input/813.bmp,./output/813.bmp
./input/814.bmp,./output/814.bmp
./input/815.bmp,./output/815.bmp
./input/816.bmp,./output/816.bmp
./input/817.bmp,./output/817.bmp
./input/818.bmp,./output/818.bmp
./input/819.bmp,./output/819.bmp
./input/820.bmp,./output/820.bmp
./input/821.bmp,./output/821.bmp
./input/822.bmp,./output/822.bmp
./input/823.bmp,./output/823.bmp
./input/824.bmp,./output/824.bmp
./input/825.bmp,./output/825.bmp
./input/826.bmp,./output/826.bmp
./input/827.bmp,./output/827.bmp
./input/828.bmp,./output/828.bmp
./input/829.bmp,./output/829.bmp
./input/830.bmp,./output/830.bmp
./input/831.bmp,./output/831.bmp
./input/832.bmp,./output/832.bmp
./input/833.bmp,./output/833.bmp
./input/834.bmp,./output/834.bmp
./input/835.bmp,./output/835.bmp
./input/836.bmp,./output/836.bmp
./input/837.bmp,./output/837.bmp
./input/838.bmp,./output/838.bmp
./input/839.bmp,./output/839.bmp
./input/840.bmp,./output/840.bmp
./input/841.bmp,./output/841.bmp
./input/842.bmp,./output/842.bmp
./input/843.bmp,./output/843.bmp
./input/844.bmp,./output/844.bmp
./input/845.bmp,./output/845.bmp
./input/846.bmp,./output/846.bmp
./input/847.bmp,./output/847.bmp
./input/848.bmp,./output/848.bmp
./input/849.bmp,./output/849.bmp
./input/850.bmp,./output/850.bmp
./input/851.bmp,./output/851.bmp
./input/852.bmp,./output/852.bmp
./input/853.bmp,./output/853.bmp
./input/854.bmp,./output/854.bmp
./input/855.bmp,./output/855.bmp
./input/856.bmp,./output/856.bmp
./input/857.bmp,./output/857.bmp
./input/858.bmp,./output/858.bmp
./input/859.bmp,./output/859.bmp
./input/860.bmp,./output/860.bmp
./input/861.bmp,./output/861.bmp
./input/862.bmp,./output/862.bmp
./input/863.bmp,./output/863.bmp
./input/864.bmp,./output/864.bmp
./input/865.bmp,./output/865.bmp
./input/866.bmp,./output/866.bmp
./input/867.bmp,./output/867.bmp
./input/868.bmp,./output/868.bmp
./input/869.bmp,./output/869.bmp
./input/870.bmp,./output/870.bmp
./input/871.bmp,./output/871.bmp
./input/872.bmp,./output/872.bmp
./input/873.bmp,./output/873.bmp
./input/874.bmp,./output/874.bmp
./input/875.bmp,./output/875.bmp
./input/876.bmp,./output/876.bmp
./input/877.bmp,./output/877.bmp
./input/878.bmp,./output/878.bmp
./input/879.bmp,./output/879.bmp
./input/880.bmp,./output/880.bmp
./input/881.bmp,./output/881.bmp
./input/882.bmp,./output/882.bmp
./input/883.bmp,./output/883.bmp
./input/884.bmp,./output/884.bmp
./input/885.bmp,./output/885.bmp
./input/886.bmp,./output/886.bmp
./input/887.bmp,./output/887.bmp
./input/888.bmp,./output/888.bmp
./input/889.bmp,./output/889.bmp
./input/890.bmp,./output/890.bmp
./input/891.bmp,./output/891.bmp
./input/892.bmp,./output/892.bmp
./input/893.bmp,./output/893.bmp
./input/894.bmp,./output/894.bmp
./input/895.bmp,./output/895.bmp
./input/896.bmp,./output/896.bmp
./input/897.bmp,./output/897.bmp
./input/898.bmp,./output/898.bmp
./input/899.bmp,./output/899.bmp
