x:in,y:out
./input/0.bmp,./output/0.bmp
./input/1.bmp,./output/1.bmp
./input/2.bmp,./output/2.bmp
./input/3.bmp,./output/3.bmp
./input/4.bmp,./output/4.bmp
./input/5.bmp,./output/5.bmp
./input/6.bmp,./output/6.bmp
./input/7.bmp,./output/7.bmp
./input/8.bmp,./output/8.bmp
./input/9.bmp,./output/9.bmp
./input/10.bmp,./output/10.bmp
./input/11.bmp,./output/11.bmp
./input/12.bmp,./output/12.bmp
./input/13.bmp,./output/13.bmp
./input/14.bmp,./output/14.bmp
./input/15.bmp,./output/15.bmp
./input/16.bmp,./output/16.bmp
./input/17.bmp,./output/17.bmp
./input/18.bmp,./output/18.bmp
./input/19.bmp,./output/19.bmp
./input/20.bmp,./output/20.bmp
./input/21.bmp,./output/21.bmp
./input/22.bmp,./output/22.bmp
./input/23.bmp,./output/23.bmp
./input/24.bmp,./output/24.bmp
./input/25.bmp,./output/25.bmp
./input/26.bmp,./output/26.bmp
./input/27.bmp,./output/27.bmp
./input/28.bmp,./output/28.bmp
./input/29.bmp,./output/29.bmp
./input/30.bmp,./output/30.bmp
./input/31.bmp,./output/31.bmp
./input/32.bmp,./output/32.bmp
./input/33.bmp,./output/33.bmp
./input/34.bmp,./output/34.bmp
./input/35.bmp,./output/35.bmp
./input/36.bmp,./output/36.bmp
./input/37.bmp,./output/37.bmp
./input/38.bmp,./output/38.bmp
./input/39.bmp,./output/39.bmp
./input/40.bmp,./output/40.bmp
./input/41.bmp,./output/41.bmp
./input/42.bmp,./output/42.bmp
./input/43.bmp,./output/43.bmp
./input/44.bmp,./output/44.bmp
./input/45.bmp,./output/45.bmp
./input/46.bmp,./output/46.bmp
./input/47.bmp,./output/47.bmp
./input/48.bmp,./output/48.bmp
./input/49.bmp,./output/49.bmp
./input/50.bmp,./output/50.bmp
./input/51.bmp,./output/51.bmp
./input/52.bmp,./output/52.bmp
./input/53.bmp,./output/53.bmp
./input/54.bmp,./output/54.bmp
./input/55.bmp,./output/55.bmp
./input/56.bmp,./output/56.bmp
./input/57.bmp,./output/57.bmp
./input/58.bmp,./output/58.bmp
./input/59.bmp,./output/59.bmp
./input/60.bmp,./output/60.bmp
./input/61.bmp,./output/61.bmp
./input/62.bmp,./output/62.bmp
./input/63.bmp,./output/63.bmp
./input/64.bmp,./output/64.bmp
./input/65.bmp,./output/65.bmp
./input/66.bmp,./output/66.bmp
./input/67.bmp,./output/67.bmp
./input/68.bmp,./output/68.bmp
./input/69.bmp,./output/69.bmp
./input/70.bmp,./output/70.bmp
./input/71.bmp,./output/71.bmp
./input/72.bmp,./output/72.bmp
./input/73.bmp,./output/73.bmp
./input/74.bmp,./output/74.bmp
./input/75.bmp,./output/75.bmp
./input/76.bmp,./output/76.bmp
./input/77.bmp,./output/77.bmp
./input/78.bmp,./output/78.bmp
./input/79.bmp,./output/79.bmp
./input/80.bmp,./output/80.bmp
./input/81.bmp,./output/81.bmp
./input/82.bmp,./output/82.bmp
./input/83.bmp,./output/83.bmp
./input/84.bmp,./output/84.bmp
./input/85.bmp,./output/85.bmp
./input/86.bmp,./output/86.bmp
./input/87.bmp,./output/87.bmp
./input/88.bmp,./output/88.bmp
./input/89.bmp,./output/89.bmp
./input/90.bmp,./output/90.bmp
./input/91.bmp,./output/91.bmp
./input/92.bmp,./output/92.bmp
./input/93.bmp,./output/93.bmp
./input/94.bmp,./output/94.bmp
./input/95.bmp,./output/95.bmp
./input/96.bmp,./output/96.bmp
./input/97.bmp,./output/97.bmp
./input/98.bmp,./output/98.bmp
./input/99.bmp,./output/99.bmp
./input/100.bmp,./output/100.bmp
./input/101.bmp,./output/101.bmp
./input/102.bmp,./output/102.bmp
./input/103.bmp,./output/103.bmp
./input/104.bmp,./output/104.bmp
./input/105.bmp,./output/105.bmp
./input/106.bmp,./output/106.bmp
./input/107.bmp,./output/107.bmp
./input/108.bmp,./output/108.bmp
./input/109.bmp,./output/109.bmp
./input/110.bmp,./output/110.bmp
./input/111.bmp,./output/111.bmp
./input/112.bmp,./output/112.bmp
./input/113.bmp,./output/113.bmp
./input/114.bmp,./output/114.bmp
./input/115.bmp,./output/115.bmp
./input/116.bmp,./output/116.bmp
./input/117.bmp,./output/117.bmp
./input/118.bmp,./output/118.bmp
./input/119.bmp,./output/119.bmp
./input/120.bmp,./output/120.bmp
./input/121.bmp,./output/121.bmp
./input/122.bmp,./output/122.bmp
./input/123.bmp,./output/123.bmp
./input/124.bmp,./output/124.bmp
./input/125.bmp,./output/125.bmp
./input/126.bmp,./output/126.bmp
./input/127.bmp,./output/127.bmp
./input/128.bmp,./output/128.bmp
./input/129.bmp,./output/129.bmp
./input/130.bmp,./output/130.bmp
./input/131.bmp,./output/131.bmp
./input/132.bmp,./output/132.bmp
./input/133.bmp,./output/133.bmp
./input/134.bmp,./output/134.bmp
./input/135.bmp,./output/135.bmp
./input/136.bmp,./output/136.bmp
./input/137.bmp,./output/137.bmp
./input/138.bmp,./output/138.bmp
./input/139.bmp,./output/139.bmp
./input/140.bmp,./output/140.bmp
./input/141.bmp,./output/141.bmp
./input/142.bmp,./output/142.bmp
./input/143.bmp,./output/143.bmp
./input/144.bmp,./output/144.bmp
./input/145.bmp,./output/145.bmp
./input/146.bmp,./output/146.bmp
./input/147.bmp,./output/147.bmp
./input/148.bmp,./output/148.bmp
./input/149.bmp,./output/149.bmp
./input/150.bmp,./output/150.bmp
./input/151.bmp,./output/151.bmp
./input/152.bmp,./output/152.bmp
./input/153.bmp,./output/153.bmp
./input/154.bmp,./output/154.bmp
./input/155.bmp,./output/155.bmp
./input/156.bmp,./output/156.bmp
./input/157.bmp,./output/157.bmp
./input/158.bmp,./output/158.bmp
./input/159.bmp,./output/159.bmp
./input/160.bmp,./output/160.bmp
./input/161.bmp,./output/161.bmp
./input/162.bmp,./output/162.bmp
./input/163.bmp,./output/163.bmp
./input/164.bmp,./output/164.bmp
./input/165.bmp,./output/165.bmp
./input/166.bmp,./output/166.bmp
./input/167.bmp,./output/167.bmp
./input/168.bmp,./output/168.bmp
./input/169.bmp,./output/169.bmp
./input/170.bmp,./output/170.bmp
./input/171.bmp,./output/171.bmp
./input/172.bmp,./output/172.bmp
./input/173.bmp,./output/173.bmp
./input/174.bmp,./output/174.bmp
./input/175.bmp,./output/175.bmp
./input/176.bmp,./output/176.bmp
./input/177.bmp,./output/177.bmp
./input/178.bmp,./output/178.bmp
./input/179.bmp,./output/179.bmp
./input/180.bmp,./output/180.bmp
./input/181.bmp,./output/181.bmp
./input/182.bmp,./output/182.bmp
./input/183.bmp,./output/183.bmp
./input/184.bmp,./output/184.bmp
./input/185.bmp,./output/185.bmp
./input/186.bmp,./output/186.bmp
./input/187.bmp,./output/187.bmp
./input/188.bmp,./output/188.bmp
./input/189.bmp,./output/189.bmp
./input/190.bmp,./output/190.bmp
./input/191.bmp,./output/191.bmp
./input/192.bmp,./output/192.bmp
./input/193.bmp,./output/193.bmp
./input/194.bmp,./output/194.bmp
./input/195.bmp,./output/195.bmp
./input/196.bmp,./output/196.bmp
./input/197.bmp,./output/197.bmp
./input/198.bmp,./output/198.bmp
./input/199.bmp,./output/199.bmp
./input/200.bmp,./output/200.bmp
./input/201.bmp,./output/201.bmp
./input/202.bmp,./output/202.bmp
./input/203.bmp,./output/203.bmp
./input/204.bmp,./output/204.bmp
./input/205.bmp,./output/205.bmp
./input/206.bmp,./output/206.bmp
./input/207.bmp,./output/207.bmp
./input/208.bmp,./output/208.bmp
./input/209.bmp,./output/209.bmp
./input/210.bmp,./output/210.bmp
./input/211.bmp,./output/211.bmp
./input/212.bmp,./output/212.bmp
./input/213.bmp,./output/213.bmp
./input/214.bmp,./output/214.bmp
./input/215.bmp,./output/215.bmp
./input/216.bmp,./output/216.bmp
./input/217.bmp,./output/217.bmp
./input/218.bmp,./output/218.bmp
./input/219.bmp,./output/219.bmp
./input/220.bmp,./output/220.bmp
./input/221.bmp,./output/221.bmp
./input/222.bmp,./output/222.bmp
./input/223.bmp,./output/223.bmp
./input/224.bmp,./output/224.bmp
./input/225.bmp,./output/225.bmp
./input/226.bmp,./output/226.bmp
./input/227.bmp,./output/227.bmp
./input/228.bmp,./output/228.bmp
./input/229.bmp,./output/229.bmp
./input/230.bmp,./output/230.bmp
./input/231.bmp,./output/231.bmp
./input/232.bmp,./output/232.bmp
./input/233.bmp,./output/233.bmp
./input/234.bmp,./output/234.bmp
./input/235.bmp,./output/235.bmp
./input/236.bmp,./output/236.bmp
./input/237.bmp,./output/237.bmp
./input/238.bmp,./output/238.bmp
./input/239.bmp,./output/239.bmp
./input/240.bmp,./output/240.bmp
./input/241.bmp,./output/241.bmp
./input/242.bmp,./output/242.bmp
./input/243.bmp,./output/243.bmp
./input/244.bmp,./output/244.bmp
./input/245.bmp,./output/245.bmp
./input/246.bmp,./output/246.bmp
./input/247.bmp,./output/247.bmp
./input/248.bmp,./output/248.bmp
./input/249.bmp,./output/249.bmp
./input/250.bmp,./output/250.bmp
./input/251.bmp,./output/251.bmp
./input/252.bmp,./output/252.bmp
./input/253.bmp,./output/253.bmp
./input/254.bmp,./output/254.bmp
./input/255.bmp,./output/255.bmp
./input/256.bmp,./output/256.bmp
./input/257.bmp,./output/257.bmp
./input/258.bmp,./output/258.bmp
./input/259.bmp,./output/259.bmp
./input/260.bmp,./output/260.bmp
./input/261.bmp,./output/261.bmp
./input/262.bmp,./output/262.bmp
./input/263.bmp,./output/263.bmp
./input/264.bmp,./output/264.bmp
./input/265.bmp,./output/265.bmp
./input/266.bmp,./output/266.bmp
./input/267.bmp,./output/267.bmp
./input/268.bmp,./output/268.bmp
./input/269.bmp,./output/269.bmp
./input/270.bmp,./output/270.bmp
./input/271.bmp,./output/271.bmp
./input/272.bmp,./output/272.bmp
./input/273.bmp,./output/273.bmp
./input/274.bmp,./output/274.bmp
./input/275.bmp,./output/275.bmp
./input/276.bmp,./output/276.bmp
./input/277.bmp,./output/277.bmp
./input/278.bmp,./output/278.bmp
./input/279.bmp,./output/279.bmp
./input/280.bmp,./output/280.bmp
./input/281.bmp,./output/281.bmp
./input/282.bmp,./output/282.bmp
./input/283.bmp,./output/283.bmp
./input/284.bmp,./output/284.bmp
./input/285.bmp,./output/285.bmp
./input/286.bmp,./output/286.bmp
./input/287.bmp,./output/287.bmp
./input/288.bmp,./output/288.bmp
./input/289.bmp,./output/289.bmp
./input/290.bmp,./output/290.bmp
./input/291.bmp,./output/291.bmp
./input/292.bmp,./output/292.bmp
./input/293.bmp,./output/293.bmp
./input/294.bmp,./output/294.bmp
./input/295.bmp,./output/295.bmp
./input/296.bmp,./output/296.bmp
./input/297.bmp,./output/297.bmp
./input/298.bmp,./output/298.bmp
./input/299.bmp,./output/299.bmp
./input/300.bmp,./output/300.bmp
./input/301.bmp,./output/301.bmp
./input/302.bmp,./output/302.bmp
./input/303.bmp,./output/303.bmp
./input/304.bmp,./output/304.bmp
./input/305.bmp,./output/305.bmp
./input/306.bmp,./output/306.bmp
./input/307.bmp,./output/307.bmp
./input/308.bmp,./output/308.bmp
./input/309.bmp,./output/309.bmp
./input/310.bmp,./output/310.bmp
./input/311.bmp,./output/311.bmp
./input/312.bmp,./output/312.bmp
./input/313.bmp,./output/313.bmp
./input/314.bmp,./output/314.bmp
./input/315.bmp,./output/315.bmp
./input/316.bmp,./output/316.bmp
./input/317.bmp,./output/317.bmp
./input/318.bmp,./output/318.bmp
./input/319.bmp,./output/319.bmp
./input/320.bmp,./output/320.bmp
./input/321.bmp,./output/321.bmp
./input/322.bmp,./output/322.bmp
./input/323.bmp,./output/323.bmp
./input/324.bmp,./output/324.bmp
./input/325.bmp,./output/325.bmp
./input/326.bmp,./output/326.bmp
./input/327.bmp,./output/327.bmp
./input/328.bmp,./output/328.bmp
./input/329.bmp,./output/329.bmp
./input/330.bmp,./output/330.bmp
./input/331.bmp,./output/331.bmp
./input/332.bmp,./output/332.bmp
./input/333.bmp,./output/333.bmp
./input/334.bmp,./output/334.bmp
./input/335.bmp,./output/335.bmp
./input/336.bmp,./output/336.bmp
./input/337.bmp,./output/337.bmp
./input/338.bmp,./output/338.bmp
./input/339.bmp,./output/339.bmp
./input/340.bmp,./output/340.bmp
./input/341.bmp,./output/341.bmp
./input/342.bmp,./output/342.bmp
./input/343.bmp,./output/343.bmp
./input/344.bmp,./output/344.bmp
./input/345.bmp,./output/345.bmp
./input/346.bmp,./output/346.bmp
./input/347.bmp,./output/347.bmp
./input/348.bmp,./output/348.bmp
./input/349.bmp,./output/349.bmp
./input/350.bmp,./output/350.bmp
./input/351.bmp,./output/351.bmp
./input/352.bmp,./output/352.bmp
./input/353.bmp,./output/353.bmp
./input/354.bmp,./output/354.bmp
./input/355.bmp,./output/355.bmp
./input/356.bmp,./output/356.bmp
./input/357.bmp,./output/357.bmp
./input/358.bmp,./output/358.bmp
./input/359.bmp,./output/359.bmp
./input/360.bmp,./output/360.bmp
./input/361.bmp,./output/361.bmp
./input/362.bmp,./output/362.bmp
./input/363.bmp,./output/363.bmp
./input/364.bmp,./output/364.bmp
./input/365.bmp,./output/365.bmp
./input/366.bmp,./output/366.bmp
./input/367.bmp,./output/367.bmp
./input/368.bmp,./output/368.bmp
./input/369.bmp,./output/369.bmp
./input/370.bmp,./output/370.bmp
./input/371.bmp,./output/371.bmp
./input/372.bmp,./output/372.bmp
./input/373.bmp,./output/373.bmp
./input/374.bmp,./output/374.bmp
./input/375.bmp,./output/375.bmp
./input/376.bmp,./output/376.bmp
./input/377.bmp,./output/377.bmp
./input/378.bmp,./output/378.bmp
./input/379.bmp,./output/379.bmp
./input/380.bmp,./output/380.bmp
./input/381.bmp,./output/381.bmp
./input/382.bmp,./output/382.bmp
./input/383.bmp,./output/383.bmp
./input/384.bmp,./output/384.bmp
./input/385.bmp,./output/385.bmp
./input/386.bmp,./output/386.bmp
./input/387.bmp,./output/387.bmp
./input/388.bmp,./output/388.bmp
./input/389.bmp,./output/389.bmp
./input/390.bmp,./output/390.bmp
./input/391.bmp,./output/391.bmp
./input/392.bmp,./output/392.bmp
./input/393.bmp,./output/393.bmp
./input/394.bmp,./output/394.bmp
./input/395.bmp,./output/395.bmp
./input/396.bmp,./output/396.bmp
./input/397.bmp,./output/397.bmp
./input/398.bmp,./output/398.bmp
./input/399.bmp,./output/399.bmp
./input/400.bmp,./output/400.bmp
./input/401.bmp,./output/401.bmp
./input/402.bmp,./output/402.bmp
./input/403.bmp,./output/403.bmp
./input/404.bmp,./output/404.bmp
./input/405.bmp,./output/405.bmp
./input/406.bmp,./output/406.bmp
./input/407.bmp,./output/407.bmp
./input/408.bmp,./output/408.bmp
./input/409.bmp,./output/409.bmp
./input/410.bmp,./output/410.bmp
./input/411.bmp,./output/411.bmp
./input/412.bmp,./output/412.bmp
./input/413.bmp,./output/413.bmp
./input/414.bmp,./output/414.bmp
./input/415.bmp,./output/415.bmp
./input/416.bmp,./output/416.bmp
./input/417.bmp,./output/417.bmp
./input/418.bmp,./output/418.bmp
./input/419.bmp,./output/419.bmp
./input/420.bmp,./output/420.bmp
./input/421.bmp,./output/421.bmp
./input/422.bmp,./output/422.bmp
./input/423.bmp,./output/423.bmp
./input/424.bmp,./output/424.bmp
./input/425.bmp,./output/425.bmp
./input/426.bmp,./output/426.bmp
./input/427.bmp,./output/427.bmp
./input/428.bmp,./output/428.bmp
./input/429.bmp,./output/429.bmp
./input/430.bmp,./output/430.bmp
./input/431.bmp,./output/431.bmp
./input/432.bmp,./output/432.bmp
./input/433.bmp,./output/433.bmp
./input/434.bmp,./output/434.bmp
./input/435.bmp,./output/435.bmp
./input/436.bmp,./output/436.bmp
./input/437.bmp,./output/437.bmp
./input/438.bmp,./output/438.bmp
./input/439.bmp,./output/439.bmp
./input/440.bmp,./output/440.bmp
./input/441.bmp,./output/441.bmp
./input/442.bmp,./output/442.bmp
./input/443.bmp,./output/443.bmp
./input/444.bmp,./output/444.bmp
./input/445.bmp,./output/445.bmp
./input/446.bmp,./output/446.bmp
./input/447.bmp,./output/447.bmp
./input/448.bmp,./output/448.bmp
./input/449.bmp,./output/449.bmp
./input/450.bmp,./output/450.bmp
./input/451.bmp,./output/451.bmp
./input/452.bmp,./output/452.bmp
./input/453.bmp,./output/453.bmp
./input/454.bmp,./output/454.bmp
./input/455.bmp,./output/455.bmp
./input/456.bmp,./output/456.bmp
./input/457.bmp,./output/457.bmp
./input/458.bmp,./output/458.bmp
./input/459.bmp,./output/459.bmp
./input/460.bmp,./output/460.bmp
./input/461.bmp,./output/461.bmp
./input/462.bmp,./output/462.bmp
./input/463.bmp,./output/463.bmp
./input/464.bmp,./output/464.bmp
./input/465.bmp,./output/465.bmp
./input/466.bmp,./output/466.bmp
./input/467.bmp,./output/467.bmp
./input/468.bmp,./output/468.bmp
./input/469.bmp,./output/469.bmp
./input/470.bmp,./output/470.bmp
./input/471.bmp,./output/471.bmp
./input/472.bmp,./output/472.bmp
./input/473.bmp,./output/473.bmp
./input/474.bmp,./output/474.bmp
./input/475.bmp,./output/475.bmp
./input/476.bmp,./output/476.bmp
./input/477.bmp,./output/477.bmp
./input/478.bmp,./output/478.bmp
./input/479.bmp,./output/479.bmp
./input/480.bmp,./output/480.bmp
./input/481.bmp,./output/481.bmp
./input/482.bmp,./output/482.bmp
./input/483.bmp,./output/483.bmp
./input/484.bmp,./output/484.bmp
./input/485.bmp,./output/485.bmp
./input/486.bmp,./output/486.bmp
./input/487.bmp,./output/487.bmp
./input/488.bmp,./output/488.bmp
./input/489.bmp,./output/489.bmp
./input/490.bmp,./output/490.bmp
./input/491.bmp,./output/491.bmp
./input/492.bmp,./output/492.bmp
./input/493.bmp,./output/493.bmp
./input/494.bmp,./output/494.bmp
./input/495.bmp,./output/495.bmp
./input/496.bmp,./output/496.bmp
./input/497.bmp,./output/497.bmp
./input/498.bmp,./output/498.bmp
./input/499.bmp,./output/499.bmp
